Q;;;;;;;G;;;;;;P;;;I;O;N;;X;;;;
H;;J;P;L;;;;;;;;;K;;;F;;R;;G;O;S;Y;
;;G;;;;;;;;R;X;Q;;D;U;;P;B;V;;W;;L;T
;Y;;;;;;;;;;U;H;L;;S;;E;;X;;;I;;M
;;M;;;;I;K;;F;A;;;;Y;;C;J;L;W;;;U;;P
;A;;;;W;;;;Y;S;E;;D;R;;;L;;;I;Q;;;X
U;;W;;D;X;R;L;;A;P;;;;;T;;N;;B;Y;V;;K;J
F;S;R;;N;;V;;;;;O;;;T;;;Y;I;M;D;E;;H;
;;;;;;M;Q;;;;;;I;;;;D;;;;;;;
O;;T;I;;;;B;U;E;W;;Y;V;;;;;Q;G;M;;F;;L
;W;;D;C;;G;;R;J;;L;I;E;S;;B;;P;H;;;;;
;;;R;F;I;L;;X;W;T;;B;H;;;K;;U;E;;M;V;G;
;M;;K;S;;;H;;B;;D;C;O;;R;;W;;;U;J;;N;
;I;V;J;;F;U;;P;;;K;A;;N;M;D;;T;C;L;R;;;
;;;;;D;N;;K;;M;R;F;U;;L;X;;Y;;B;S;;W;
A;;I;;P;L;F;;;;;H;V;;C;G;M;B;;;;T;D;;N
;;;;;;;V;;;;Q;;;;;;H;C;;;;;;
;Q;;N;U;E;X;T;;;D;;;M;;;;;O;;S;;L;B;Y
X;O;;F;V;K;;S;;N;;;;;E;Y;;A;J;P;Q;;R;;W
W;;;T;K;;;J;;;N;B;;S;F;E;;;;Q;;;;I;
P;;O;;;B;S;N;Q;;V;;;;L;K;;I;H;;;;M;;
L;;D;;;R;;M;;H;;Y;S;C;;;;;;;;;;T;
K;T;;A;;J;E;D;;X;I;;G;F;Q;;;;;;;;Y;;
;J;Y;S;R;;K;;O;;;A;;;;;;;;;H;X;N;;F
;;;;B;;A;W;L;;;M;;;;;;C;;;;;;;Q
